participant,unit,method
subj01,11,A
subj02,18,A
subj03,17,A
subj04,19,A
subj05,13,A
subj06,10,A
subj07,14,A
subj08,13,A
subj09,19,A
subj10,10,A
subj11,10,A
subj12,16,A
subj13,10,A
subj14,10,A
subj15,20,A
subj16,18,A
subj01,11,B
subj02,11,B
subj03,10,B
subj04,15,B
subj05,17,B
subj06,15,B
subj07,14,B
subj08,14,B
subj09,18,B
subj10,17,B
subj11,19,B
subj12,14,B
subj13,20,B
subj14,13,B
subj15,17,B
subj16,17,B
subj01,21,C
subj02,22,C
subj03,18,C
subj04,21,C
subj05,23,C
subj06,15,C
subj07,15,C
subj08,19,C
subj09,16,C
subj10,21,C
subj11,22,C
subj12,18,C
subj13,17,C
subj14,21,C
subj15,14,C
subj16,17,C
subj01,16,D
subj02,15,D
subj03,13,D
subj04,20,D
subj05,10,D
subj06,20,D
subj07,13,D
subj08,18,D
subj09,12,D
subj10,18,D
subj11,13,D
subj12,20,D
subj13,19,D
subj14,18,D
subj15,18,D
subj16,14,D